,Track No.,avg_len,len_slope,len_stdev,len_skew,avg_area,area_slope,avg_chirality,area_stdev,area_skew,chirality_slope,avg_decay_index,decay_index_slope,avg_barbs,barb_slope,barb_stdev,barb_skew,avg_tilt,tilt_slope,tilt_stdev,tilt_skew,avg_xcen,avg_ycen,avg_L_to_W,L_to_W_slope,L_to_W_stdev,L_to_W_skew,solar_region,active_region
0,45.0,7564764370.0,16168.8058092,6168439359.76,1.64089453018,820.900540875,0.00234261038572,0.285714285714,711.119134505,1.85159277567,8.84452524981e-07,0.389037857143,-3.508190937e-07,2.42857142857,8.65398748315e-06,2.44114392723,1.50069196953,-39.4755285714,7.31046356508e-05,29.2565618647,0.303480724361,-289.185742013,617.737139,0.966848378649,1.28332429882e-06,0.28304100514,-0.430375628946,0.0,0.0
1,68.0,9570002683.75,859.071409762,6163937021.62,1.1194081124,3217.54307373,-0.00120566602642,-0.25,3393.40397305,1.79647398179,-1.26360225268e-06,0.2486598375,-1.91793456147e-06,3.75,-7.77777702221e-07,2.38484800354,1.18191235437,-16.48764875,9.57047102285e-05,42.1930523494,0.837694339773,-512.19449625,677.675872875,1.17407427207,7.28828464491e-07,0.347410620118,0.35007379205,0.0,1.0
2,146.0,9471339418.0,41986.8999207,3769296583.23,-0.849078246853,3268.7985674,0.0272668521105,0.4,2051.68801067,0.110602339139,-2.497544645e-06,0.4159524,3.37736177675e-08,3.8,9.51606980686e-06,1.72046505341,-0.395870337344,8.6062,0.000124831660351,13.6042177632,-1.22264864036,242.9541215,-508.4518068,1.80764428236,1.76158451394e-06,0.257389893694,-0.478536273041,0.0,0.0
3,160.0,9055175780.0,14375.3359444,2888128759.61,0.241333222457,866.382594725,0.00252857333003,-0.4,430.713123615,0.615826046623,-2.34241848576e-06,0.4356818,7.81425743005e-08,2.8,1.22204941174e-05,1.93907194297,0.283092214399,7.927402,-2.05735466001e-05,10.0833557733,0.188663271698,-591.2480042,386.7102052,1.84184463135,-1.52153492485e-06,0.323137285004,0.539716300729,0.0,1.0
4,197.0,9291964133.33,10166.6456891,2303074591.61,-0.162334694373,1529.05573387,-0.000228767614124,0.5,419.947128602,0.119720223995,-1.93472903592e-06,0.25578,-5.46848957853e-08,3.0,1.02498356237e-05,1.52752523165,0.841697576625,33.96915,-2.63095528785e-05,6.53280047217,0.567651412074,-607.254323167,476.535837833,1.3103982987,1.02515876853e-06,0.211129794759,-0.0899546029898,0.0,1.0
5,210.0,3695258945.0,388.153745142,410623062.545,-0.900371717542,433.742927292,-0.000607872566942,0.25,185.595313691,0.411552360595,-2.53003871847e-06,0.75550525,-4.80096097976e-06,1.25,-2.12602962597e-06,0.829156197589,-0.493382200218,-48.3485,1.77750598008e-05,20.6929435221,0.0627002264146,-23.4222525,320.65125275,0.910689649156,-5.92003231331e-08,0.256019944607,-0.466921548333,0.0,0.0
6,220.0,12140531000.0,31422.2531562,3674790199.59,-0.116359340068,3226.14422565,0.0101041731456,-0.4,1137.2525773,0.172360858413,-2.17718139549e-06,0.6036848,8.65735649004e-07,2.6,-9.73027482208e-07,0.8,0.84375,37.4613,0.000210890197357,25.9498433518,-1.43714634514,-591.6133974,-435.0054016,0.883783800038,-2.93333511701e-07,0.0936987803131,0.320385080466,0.0,1.0
7,380.0,10160174688.0,5871.8377488,5739965310.83,0.25001305167,2488.55997853,0.0055743705751,0.0,1359.96618776,-0.370053502173,-2.2503489568e-06,0.3472432,2.35356767147e-07,4.2,6.22282674256e-06,1.46969384567,-0.347767062247,-19.24964,3.72905439687e-05,18.5495380152,0.737819070672,-171.2726203,-424.9706054,1.49063994515,-2.30044197078e-08,0.45545451832,1.18041589291,0.0,1.0
8,386.0,7516086517.5,-9505.2868427,2642884168.8,-1.14959596352,953.499150866,-0.00451772832357,0.25,465.141435064,-0.283043260343,-5.75690972087e-06,0.212828275,1.99793610958e-07,1.5,-6.84412194822e-06,0.5,0.0,-38.968575,0.000319056626633,23.9371977964,-1.08118390397,-171.236700125,348.68724825,1.3505969616,4.46179973195e-06,0.309883207201,0.37147842098,0.0,0.0
9,392.0,9983864434.29,13681.9531635,3108387778.72,-0.853787857564,2052.63716613,0.0042617929501,0.285714285714,825.920341929,-0.204130195583,-4.60485359682e-06,0.696496,4.54524252251e-08,3.42857142857,2.44524444633e-06,1.49829835453,0.0104014100645,22.1170857143,-1.92801024317e-05,4.67792098248,1.00295187415,-408.028999143,536.358145571,1.75144806958,2.02019037835e-06,0.317527951912,-1.11084327946,0.0,1.0
10,409.0,16226331285.7,28511.9408823,5831782928.83,-0.458292547398,4364.37562623,0.00911276627877,0.428571428571,1735.62916245,-0.568686590236,3.92207536342e-06,0.6015134,-7.98198363446e-07,3.71428571429,1.08011942614e-05,1.90595200916,-0.0833748732703,63.2187428571,-0.000106373629883,16.7538319234,0.228617365018,-582.598859429,-393.254856714,0.693493514878,1.29484557588e-06,0.220571984805,-0.00939154347923,0.0,0.0
11,412.0,6371630796.0,-7227.58521391,2914743763.02,0.22951193135,633.787250858,-0.000576061234031,0.2,216.947346064,-0.375485905098,1.14371391608e-06,0.37409634,-5.03901211416e-07,1.6,4.21775529926e-06,1.01980390272,-0.271545417884,-30.8427,0.000339900543029,64.2232041964,0.696076905798,-423.71629554,124.24540328,0.741573898977,1.38757926193e-06,0.266750396066,0.726388707867,0.0,0.0
12,426.0,15582268233.3,-1633.54689034,1973040956.95,0.155152318804,3012.13888123,-0.0042967481434,0.166666666667,1086.87635135,0.00273419531534,4.17791186824e-06,0.414886166667,-4.47511733443e-07,3.66666666667,1.78025547829e-05,2.35702260396,0.55437171645,-57.92925,-4.0980349587e-07,4.25950289695,-0.51017880647,-478.7254995,-451.199172833,0.687438160668,-1.47845019771e-07,0.0827893028286,-0.766538729292,0.0,0.0
13,435.0,27696506522.5,135635.191585,19596155234.8,0.14936091467,8473.16047153,0.0402784304792,0.5,6237.10088191,0.0678116497537,5.5226089581e-06,0.330402,6.27906307467e-06,7.5,4.34035881391e-05,5.4083269132,0.530995059634,38.1093225,-8.71557333294e-05,22.9842084505,0.24040926416,-24.504798925,-393.433998,1.32743041792,5.69841332675e-06,0.456386004575,0.919929979233,0.0,0.0
14,454.0,4376912577.5,15716.0552176,2264481734.56,1.07504170657,577.867274967,0.00041040326843,-0.5,115.422181274,0.296740769444,4.57921757771e-06,0.278544725,-1.05407638017e-06,1.25,-3.45531308878e-06,0.433012701892,1.15470053838,-43.8928,0.000286670842408,28.9565456706,0.371873480829,-146.6471691,336.82274625,1.18133416433,3.08592182064e-06,0.312273303927,0.512828082875,0.0,1.0
15,498.0,4143703862.5,14524.2230093,2558233903.19,1.0972153925,478.073376859,0.00175765947576,-0.25,372.951678125,1.13416563914,-2.35195146624e-06,0.3213095,-8.59267109451e-07,1.25,6.72237102744e-08,1.08972473589,0.652023664685,35.7841725,-5.26282466232e-05,48.602411641,-0.0466468070531,412.41600425,361.85250075,0.923962126807,-8.83495434836e-07,0.335424585673,0.125021114352,0.0,1.0
16,543.0,6469691206.67,11329.1407062,3975294987.29,1.41013226395,750.292966635,0.0016294811082,0.5,462.857289652,1.22161928299,-1.8395039098e-07,0.283207066667,-3.94877573883e-07,2.5,3.25133761285e-06,1.25830573921,1.0038561022,-44.1350166667,0.000126307359829,56.686197101,1.70350249078,-294.678692867,265.860336333,0.64614719431,2.9884673778e-08,0.220152516769,0.168137022816,0.0,1.0
17,549.0,12905211977.1,7263.22827646,12850808734.0,0.790036520194,1702.5136193,-4.12351836569e-07,-0.142857142857,2012.2062108,1.03178631812,5.12015349311e-07,0.352718285714,2.74980367742e-07,4.14285714286,1.6519535072e-06,3.8703477669,0.823097962232,-46.2513271429,-4.63293226184e-05,33.0474439608,0.278849804251,-610.881147143,485.523429,1.13160102723,-9.095980974e-07,0.752072529881,1.4621893143,0.0,1.0
18,582.0,8036277060.0,40939.6773427,2723754601.33,-0.284311397683,2120.36427405,0.00971668918567,0.0,809.991112293,-0.390398278152,0.0,0.85341625,1.48971196903e-05,2.5,1.64933624526e-05,1.80277563773,0.0,-25.2715,0.000137632128325,8.74043103142,-0.127732876665,197.7784956,465.00225075,1.44068290518,2.70706424669e-06,0.136410723783,-0.587241460303,0.0,0.0
19,583.0,5223592764.0,22244.6224425,2311467795.47,0.765817803822,529.296872145,9.96494635498e-05,0.0,152.66418854,-0.190307673804,0.0,0.590563,-1.44004569659e-06,0.8,6.37234274311e-06,1.16619037897,1.15004933566,-55.3458,-0.000630816501545,58.2817917701,1.48178036931,-596.6401916,547.8521974,0.497015415401,-1.67110696152e-06,0.1645101326,0.346248062722,0.0,1.0
20,623.0,8125968832.5,-23632.1293636,2985007007.08,-0.69332938184,1176.59445897,-0.00507209031087,-0.5,627.106537791,0.423028205312,5.35144936174e-06,0.42301925,-1.91798758169e-06,3.25,-2.31890298554e-05,2.27760839479,0.833150407151,-14.916935,-6.19835556698e-05,7.84953558966,-0.799745575185,-32.611248,81.21774865,2.30290404242,-5.63014659829e-06,0.661437434826,-0.50514318019,0.0,0.0
21,634.0,7785146120.0,72210.9349879,4702518113.67,0.27173158464,1174.89677771,0.0145864670186,-0.25,940.9504921,0.642153083361,-3.87904939824e-07,0.854737,-1.88647373551e-06,3.75,4.92509496499e-05,3.34477204006,0.0977093920134,-33.30609425,0.000489692654545,37.3098266989,-0.179573191584,-638.4877545,562.00750725,0.960781535434,4.07307293842e-06,0.260596337857,0.756216528221,0.0,0.0
22,874.0,24467636750.0,26860.265518,3289297941.71,-1.11983266493,3402.42866063,0.000632471304709,0.25,699.852587721,0.598402133988,1.09557988313e-06,0.7000165,1.34943984284e-07,3.0,9.25903183273e-06,1.22474487139,0.816496580928,-38.476125,-0.000225682612446,72.8231962265,1.14748939432,-665.04826375,-244.085247,0.663698969812,5.54764774105e-07,0.0607792042161,-0.73079335068,0.0,0.0
23,953.0,6983920468.33,5523.96518566,5435489550.39,1.58920387428,819.608690922,0.000722615784168,-0.333333333333,435.831285421,1.28679625007,4.83731494428e-07,0.188815666667,8.39619128401e-07,2.5,2.38829045537e-06,0.763762615826,-1.1222634355,10.9895983333,-9.67847128587e-07,35.8747432588,0.431828698226,-338.651643662,316.390670833,1.23231142432,-1.08283901066e-06,0.256099721235,0.235851818884,0.0,1.0
24,1000.0,7548362240.0,-7934.63246986,3511439800.04,0.247971655857,560.06030692,-0.000576863709339,-0.2,324.469406561,0.290287847813,-2.36451958708e-06,0.16162186,1.83525572574e-06,1.6,1.81855280167e-06,0.489897948557,-0.408248290464,-9.050568,-0.000153444803844,21.5324264477,0.989068679604,-550.3366028,344.584198,1.53340961176,9.51893185544e-07,0.356852582622,1.11502791976,0.0,1.0
25,1001.0,7663181230.0,4987.91829251,4043035217.74,0.0140338264393,720.701305523,0.00128541744689,-0.2,344.205309094,-0.498676878982,5.29053498557e-07,0.413338,-2.05101199121e-07,1.6,4.67815832281e-06,1.01980390272,-0.271545417884,-40.52245742,-0.000102351520475,28.474245529,-0.421741743758,80.001490508,-170.2601988,1.10937140523,-4.73351786285e-07,0.194394537501,0.920526712872,0.0,0.0
26,1028.0,4907878864.0,562.520558595,1389559599.94,0.0937256356856,375.536960121,-1.85721073303e-05,0.0,103.964110486,-0.887584898851,0.0,0.3711622,-6.88235013296e-07,1.2,-5.12672803301e-06,0.748331477355,-0.343621596745,-9.94892,-0.000153385612195,17.6635610116,0.321140367757,-198.34167998,443.4574036,1.72559483791,-1.06232754481e-06,0.227097383025,-1.16627636664,0.0,1.0
27,1112.0,5507009675.0,-11128.857527,848039672.024,0.0133452905429,532.156238648,0.000614596313073,0.5,154.605434846,-0.756687771126,1.07744946145e-06,0.490488,-4.30964662622e-06,1.75,-3.50465194311e-06,0.829156197589,0.493382200218,38.6705,0.00083650342076,73.1771614463,-1.14729787073,-439.13399875,148.40900025,0.649670941331,6.55871979606e-07,0.0543038138362,-0.319822988826,0.0,0.0
28,1115.0,10045362825.0,-8478.37534827,2637578991.74,0.121243682836,1337.48965789,-0.000653410772761,0.25,316.320943178,0.439088933568,-1.64790278801e-06,0.4171429625,-1.02424687951e-06,2.625,1.66125742408e-06,0.85695682505,-0.391042317633,40.00765,-4.44658624718e-05,53.9451895807,-1.34974279053,-504.842257862,-228.1919995,0.822593732822,2.622386394e-06,0.402538100616,0.668396542544,0.0,1.0
29,1156.0,5524950657.5,-12553.6764058,3372379893.99,0.954933834099,1067.30613653,-0.00170188824815,0.5,667.292476929,0.696006681564,-2.18913183332e-06,0.405349175,-1.37852319522e-06,1.0,3.43514191974e-22,0.0,0.0,10.41487,-0.000160251841717,24.8336698026,-0.666255924314,-271.77825175,-808.898987,1.47546732242,-2.11486042145e-06,0.610554733836,1.08977180493,1.0,1.0
30,1201.0,12513640160.0,62368.5875933,7001614300.36,1.16992874363,1353.05506911,0.00721388176999,0.4,869.276602295,1.31055535449,4.42315813939e-06,-0.18437848,-2.50878371072e-06,3.0,3.89677736497e-07,1.09544511501,-0.912870929175,13.268216,2.16625697191e-05,6.56186592855,-0.395401723745,-475.2349978,-527.022998,2.25732436799,1.56524084047e-06,0.322508718975,0.828487074901,0.0,1.0
31,1208.0,6475669250.0,8600.23908356,1979625600.17,1.14942063052,977.175950848,2.68122962083e-05,0.25,338.485002433,0.919363745542,-7.09127290077e-06,1.5018535,1.9619396147e-05,1.5,1.04143182004e-07,0.5,0.0,6.288375,0.000836063287561,51.7567295603,-1.14815933876,-732.00325,61.36585045,1.00995024582,2.37295569313e-06,0.156858653273,-0.693726600278,0.0,1.0
32,1212.0,10045363861.4,2656.35088817,6911703486.03,0.491381128652,1415.3766449,0.00140464686915,0.571428571429,880.706363315,0.522626435315,4.22449668567e-07,0.285294128571,-3.84088255132e-07,3.42857142857,3.22207666878e-06,1.916629695,0.35280183645,-0.308707142857,6.59454995293e-05,18.3774671289,0.853217558985,-363.992,649.685852143,2.02764241736,4.35170410267e-07,0.780644952909,0.306822786671,0.0,0.0
33,1218.0,6637113475.0,-1646.39219064,4311279010.56,0.993089169676,674.310712816,-0.000581078205178,0.0,440.739427357,0.909160421823,0.0,-0.0178930675,2.44587254282e-07,2.75,3.81888516301e-06,2.04633819297,0.689254477115,-44.3836,0.000120686093534,37.0082699213,0.338544531624,91.056447875,187.422497,0.974505434573,1.41341875294e-06,0.465992634284,0.255692966677,0.0,1.0
34,1237.0,13157627025.0,-13146.9583037,10299305753.5,0.921975695044,2793.81172081,-0.00522440804748,-0.5,2353.74541943,0.630520509136,-4.15895683557e-07,0.5107278125,-4.67281901131e-07,4.75,2.93321876048e-06,3.41869858279,0.213515905654,-19.65734,8.51322750298e-05,18.3845975654,-0.684423853381,-550.1066265,388.705375625,1.30684533935,1.34593116783e-06,0.356637918434,-0.313781168407,0.0,0.0
35,1279.0,8331273856.67,14532.9968701,7891219255.8,2.12352698666,718.23390641,0.00111431971365,-0.111111111111,589.177380786,1.92207998355,-2.8151559764e-07,0.0322431111111,8.41259167987e-07,2.88888888889,3.9983204412e-06,2.76664435511,1.68935162079,-12.1364088889,2.93909893187e-05,8.18098062747,0.228976828548,-336.443036122,324.997445,1.72055905199,1.57121040858e-06,0.462189019103,-0.74168350707,0.0,0.0
36,1298.0,11377898842.9,11470.2976333,4177137246.09,0.383824822186,1050.71109535,0.00149844631749,0.142857142857,452.724938963,0.436696157243,1.28118253507e-06,0.400463328571,-5.32396174149e-07,1.71428571429,-2.35707044253e-07,1.03015750728,-0.192011606386,16.25175,-0.000111844280322,14.473730028,-0.328005279437,-194.305429729,-487.942143,1.78671866264,4.07210644039e-06,0.556031033949,0.727032183701,0.0,1.0
37,1301.0,8911670324.0,-26295.8133064,7853089730.96,1.36435578696,886.193963355,-0.0025069006139,-0.4,791.097460839,1.32688762877,-2.16499774684e-06,0.25679556,2.87309528142e-06,3.2,1.21320941139e-05,1.72046505341,-1.01795229603,-22.321226,0.000130094497143,13.5712831598,-0.171166365691,-117.58062364,335.9786012,1.59928961028,1.63989007691e-06,0.293348604279,-0.935459670161,0.0,0.0
38,1305.0,4520412130.0,8288.16920232,1853801462.4,-0.167434516618,351.127806134,0.000221586928481,-0.5,131.148904929,0.911751689099,-1.36814257021e-06,0.41930875,-1.26492442408e-06,1.5,-9.85773555494e-07,0.5,0.0,-19.84035,3.24928613625e-06,2.19550687257,0.471648603507,-400.99624225,-142.4972515,1.63982767446,2.03474937958e-06,0.485230378878,-0.141499742316,0.0,0.0
39,1312.0,7132222552.0,-1157.11780973,3852160617.98,-0.0242038633954,1175.56515734,0.0032582230999,0.4,960.951926912,0.577108380427,-2.3286072889e-06,0.4905348,7.71417821048e-07,2.6,7.11905957037e-06,1.8547236991,-0.157987551438,-3.788134,-0.000122319687219,28.0993821334,-1.18736249978,-209.04620138,-428.6040038,1.51765968155,-2.44790239092e-06,0.391963116228,-0.384242732579,0.0,0.0
40,1327.0,5650510870.0,31173.724229,3050268912.23,0.875265026524,696.013293081,0.00828326546678,0.0,713.099055982,1.11047577181,-5.2670150044e-06,0.081955,-7.88357929025e-06,1.25,9.68550878008e-06,0.829156197589,-0.493382200218,-32.2769,-0.000704177672573,55.6288757939,0.987457262594,170.49100125,-326.8867495,0.722205611346,-1.19855224752e-07,0.199341478645,0.608088307128,0.0,0.0
41,1358.0,5560836470.0,14175.4993463,2427700754.58,-0.252523579203,1117.16640036,0.00453507830974,0.0,574.418022409,-0.57927554987,-2.24289864267e-06,1.04616375,3.42642287535e-06,3.0,1.19897388441e-05,1.22474487139,-0.816496580928,56.5863,-0.000264797935468,41.6066300597,-1.04956707822,207.17174925,-307.1657485,0.75341598934,1.38932686049e-08,0.213232016315,0.143213596784,0.0,1.0
42,1364.0,8531384153.0,20673.6287945,3272962185.38,-0.23793070961,1528.3638792,0.00451503814487,0.0,685.219809135,-0.497647489615,2.21812863744e-06,0.5322216,-4.69351524503e-07,2.9,1.07896387722e-05,1.81383571472,0.0482612582884,47.88413,0.000163074203489,41.8355572716,-2.5943226993,-442.73553161,-450.9774994,0.679637748109,4.52694698752e-07,0.0969260415229,-0.13149423364,0.0,1.0
43,1381.0,10547629352.5,17267.2352448,5307639545.0,0.237603109697,873.05009178,0.00149976545349,0.0,558.190912083,0.277271195315,1.68039278114e-06,0.4961285625,-9.58692693739e-07,2.75,1.19451135284e-05,2.7726341266,0.752124426966,47.50730875,3.35041788786e-05,57.8168327707,-1.58918624599,-213.286985288,165.485750125,0.605378325214,5.56277892236e-07,0.173159401357,1.55635758715,0.0,0.0
44,1396.0,4986810422.5,47189.4646911,2723064691.11,0.0617479745926,519.779731897,0.00342620603036,0.0,378.411907484,0.983706418906,0.0,0.80286175,2.81733007341e-06,1.25,-3.10361907809e-06,1.08972473589,0.652023664685,5.1703525,8.81429394454e-05,7.32197683089,-0.227843887974,-699.71400475,-239.57324975,1.68603973524,7.47588285671e-06,0.371042645411,0.242083334282,0.0,1.0
45,1416.0,7103499870.0,31276.5248534,3878630938.01,0.39697575552,582.726446995,0.00309214616003,0.4,322.716156018,0.409989116454,4.99401401963e-06,0.429263,-1.27465445984e-06,1.2,6.24987825857e-06,0.748331477355,-0.343621596745,48.41422,-7.91896904538e-05,7.52642976488,-0.401607736391,-366.837004,-319.457202,0.941387567707,1.58602748519e-06,0.139494281218,0.242845815636,0.0,0.0
46,1464.0,6589278000.0,-6410.28981198,2745543401.98,-0.0242820988169,612.920728256,-0.00010191172894,-0.166666666667,321.197707413,0.381815811293,1.90080806095e-06,0.334589,-8.7647656838e-07,1.16666666667,5.39746164474e-06,1.34370962472,1.34339158694,-42.7431216667,0.000207880474026,25.5223151897,0.277839672577,-689.447001,298.11733,1.07435503923,4.69989740165e-06,0.545113503048,1.11131590453,0.0,1.0
47,1520.0,5166184414.29,-2983.08381131,2542335447.6,1.25419585565,506.206852637,5.32433497445e-05,-0.142857142857,221.816170886,0.235125786054,-2.67784339878e-07,0.436197714286,-7.21344641991e-07,1.85714285714,-2.17041966115e-06,1.45686271817,-0.0282859810295,-13.3770042857,0.000140991450856,28.7997873166,-1.42049025146,-176.565938603,-89.7237843429,1.41942442,1.54618474621e-06,0.230106479199,-0.765586604817,0.0,0.0
48,1521.0,9543092540.0,7631.57602701,5872667479.79,0.642280846208,1066.6094876,0.00143900839903,0.0,543.749841117,0.183734253092,3.50725892679e-06,0.1233719,-5.66327101764e-07,3.4,7.7251427103e-06,1.74355957742,0.0543353053904,14.32278,-0.000130832118052,14.1861121926,-0.993287746198,-475.834198,-532.888794,1.69406460944,5.89750298432e-06,0.528492151678,0.612049139609,0.0,1.0
49,1537.0,18182095040.0,-11310.5423157,6688742001.45,-0.347067339145,2353.31215914,-0.000737508716573,-0.4,1022.16272018,-0.112789162082,-2.3612278896e-06,0.3499174,-1.92960748924e-06,2.8,-4.15703097835e-06,2.03960780544,-0.15274429756,-23.607658,-0.000246218960857,19.8014475168,0.371806392398,279.6537964,280.6399996,1.60489006366,-7.361519127e-06,0.575389724194,0.745359365034,0.0,1.0
50,1538.0,5639746520.0,15706.7220601,2078888216.08,-0.449677262812,1304.00545689,0.00245189107768,0.2,785.805818309,0.121257127666,2.31357508258e-06,0.339358692,1.53685841384e-06,1.8,8.76084813913e-06,1.16619037897,-0.363173474419,-35.96624,0.000151374263553,18.3628268563,-1.24611211182,-63.68913844,-814.8445924,1.33461177385,2.46400652419e-06,0.34251152491,-0.622833815116,1.0,0.0
51,1602.0,10978146095.0,-8347.58779143,6071619489.95,0.330654974497,965.276282694,0.000153929193597,0.166666666667,424.070845652,0.481433097566,-1.52433573394e-06,0.468381833333,-1.76233656302e-06,2.33333333333,-7.62227604311e-06,1.97202659437,0.705100121088,-46.1606333333,-0.000226418300488,46.0932466656,1.50903949199,67.4721958467,158.821165833,0.712396499019,4.22948758771e-08,0.13885169463,-0.435682825374,0.0,0.0
52,1615.0,3751634880.0,5136.53963657,1028209965.2,-0.668807536831,592.176530847,0.00133427209681,0.0,251.584037289,-0.0945452114708,4.64260906027e-06,0.693145,-2.2309870247e-06,1.85714285714,2.18960887183e-06,0.832993127835,0.272380105815,11.9677928571,-6.15096762518e-05,31.4670568563,0.45710046527,-310.4886142,-584.103576429,1.23621085287,3.13132407622e-07,0.162415165095,-0.632476058204,0.0,1.0
53,1712.0,3932043598.0,11337.2419764,2610220687.93,1.44229497277,358.635657528,0.000294128624719,-0.2,170.664126757,0.81808217131,-2.21784082429e-06,0.4975444,-2.34178562504e-07,1.4,-1.79189520239e-06,0.8,-0.84375,-17.460912,-9.77224394299e-05,54.1526214296,0.735122368307,8.17211688,-231.2017976,0.994668659521,9.53333655417e-07,0.279597970954,0.601421787414,0.0,0.0
54,1715.0,4520411651.43,6787.71957461,2326628573.65,0.676618253545,491.746903178,0.00089212518822,0.0,293.71826052,0.702408568468,2.67465612675e-07,0.239548,-2.41257754054e-06,1.85714285714,5.44462354715e-06,1.45686271817,-0.0282859810295,-21.1341471429,0.000190828719104,31.0528123811,-0.531905708211,-538.665281143,309.298427286,1.33289980774,2.42780659511e-06,0.484228701167,0.232156964205,0.0,1.0
55,1776.0,10332356380.0,-26806.5892212,2378036809.27,1.18650956492,1183.89504095,0.00278105519011,-0.2,288.847639148,-0.599297404456,-4.60542859464e-06,0.37447396,-3.3757140105e-06,1.6,-4.42701886424e-06,1.62480768093,0.380464608482,44.41252,-0.000706473059249,65.4692779997,-1.48024645821,-394.298996,107.62510052,0.459202783402,-9.96010275971e-07,0.0742774326002,0.50286378154,0.0,1.0
56,1818.0,9356535446.0,18205.9335816,3229223245.55,-0.485316114249,1251.24064069,0.00245301549266,-0.2,650.361483118,0.405243750594,1.00785181657e-06,0.3825952,5.20883155248e-07,2.8,-9.62508403691e-07,0.979795897113,0.408248290464,-5.698644,3.63942491531e-05,34.4636466094,-0.34312753979,-117.9408054,-107.84018096,1.32045455044,3.43728926581e-07,0.095573102803,0.272427793764,0.0,1.0
57,1838.0,5507011332.5,-6429.59302289,906718329.633,-0.799317959116,854.473266671,-0.000883358192084,-0.75,221.849039803,0.1973361013,-4.28865160377e-06,0.568313,5.34195320083e-06,2.25,1.89902523878e-06,0.433012701892,1.15470053838,-11.3972825,-1.43008479879e-05,4.84357169884,-0.248886514542,-545.31824475,315.36875175,1.60161565974,-2.91158057946e-06,0.26461624319,-0.671381783999,0.0,0.0
58,1898.0,8143913441.67,23160.2248652,4507054911.59,-0.0681817928412,1099.53010556,0.00355546662101,0.0,795.628081064,0.417573924174,4.48212288928e-07,0.303915,9.41609961002e-07,1.33333333333,2.29255360699e-06,0.7453559925,-0.6260990337,23.60445,7.76964469834e-05,14.8748320702,-0.131727927799,-86.4743605183,-570.9218445,1.21031021178,-8.71274273463e-08,0.127201627045,0.00379080142938,0.0,1.0
59,1905.0,3121237548.33,-3220.62489061,906422030.679,1.36808326141,488.486306824,-0.00163990671164,-0.166666666667,320.139102872,1.31712997834,-4.41093387136e-07,0.0445831,1.21404290272e-06,1.0,2.69750936732e-06,0.57735026919,0.0,19.4316933333,0.000256039044338,50.3329928642,-0.90633307864,-341.1976635,328.5474905,1.07210118552,-2.83010979199e-06,0.229357755541,0.0407843358088,0.0,1.0
60,1908.0,14175111871.1,40757.5513561,7761230972.36,-0.0756283268566,2218.48266592,0.0129010701422,0.222222222222,1783.09909137,0.7430289488,5.18913276829e-06,0.314943555556,-5.21104085334e-07,5.22222222222,1.57075319826e-05,2.97313070228,0.417979065835,11.1088477778,0.000147488013708,42.2789080609,-0.890818711112,-442.637841056,-536.501332556,1.26457427858,2.95661535821e-06,0.539015383357,0.0192356638472,0.0,0.0
61,1919.0,13866181867.5,66097.3700179,8105721438.18,-0.0384149686971,3306.45042377,0.0155126506106,0.0,1953.58902003,-0.155354082263,3.52779078548e-06,0.547717875,9.01134166579e-07,5.625,1.94886141107e-05,2.49687304443,-0.341028055591,-9.39689875,0.000210683184017,31.318856548,-0.90814213128,-724.4325065,-20.8216726987,2.19041994,1.03120843923e-05,1.07460146061,0.19259216077,0.0,1.0
62,1927.0,7049700420.0,37315.2295026,1906774563.23,-0.458554065917,1604.88667253,0.0142845030707,-0.25,723.59268142,-0.780517981686,-1.37113685376e-05,0.19005525,4.9438675906e-06,3.0,1.79189543058e-05,1.22474487139,0.816496580928,-65.677025,0.000181631086374,13.0235079829,1.13705711433,315.1259955,22.6479249,0.842975041463,2.19349725706e-06,0.124154608793,-1.08409710704,0.0,1.0
63,1933.0,17457404083.0,38482.5184213,8106127923.77,-0.0015942155066,4008.52208435,0.00521753569242,-0.5,2149.30778572,-0.26095595672,1.1607973516e-06,0.4734093,-1.29462489349e-06,5.1,7.92432290815e-06,2.9478805946,0.276846515867,-44.40041,0.000106849477858,23.1448494379,-0.0484749853713,-493.34587101,-197.1963989,1.06021929741,1.3833913157e-06,0.258481909853,0.623390587371,0.0,0.0
64,1957.0,9892876010.0,30168.8070724,5458192796.74,0.421484980451,630.666664288,0.00244450463632,0.0,432.501570543,0.712411398279,0.0,0.440704625,2.39637638195e-07,0.5,5.70339078484e-06,1.32287565553,2.26778683806,22.84165825,-8.19543866948e-05,32.2892743257,0.726368526849,-393.9227786,242.0563755,1.66995914379,6.10700110513e-07,0.682307070434,0.447223402954,0.0,0.0
65,1972.0,5943497846.67,6355.32938571,1357244273.49,0.0831387810526,405.198259895,0.000574454837838,0.0,123.428330413,0.313446896996,0.0,0.362008666667,-4.94072970865e-07,0.333333333333,3.02688225187e-06,0.471404520791,0.707106781187,52.3125666667,0.000403851520025,63.1551196348,-1.75169208955,-68.1981794833,-417.635498333,0.418224126399,2.68126317843e-07,0.0616350781833,0.530594157506,0.0,1.0
66,1978.0,9794226807.5,40077.1044758,4131072374.67,-0.474222820269,1173.61792403,0.00631008855949,0.5,700.253085494,0.149840124205,3.96698823261e-06,0.679108,-7.8870729966e-07,3.25,2.71052771215e-05,3.49106001094,0.848320696939,-0.8257,0.000429639643737,84.5176872302,0.000567007691342,-631.65901175,-277.826496,0.401872330487,-4.69156683263e-07,0.0723793073616,0.185215051836,0.0,0.0
67,1994.0,5453194958.0,27474.8252335,2871893317.05,0.499872983488,331.567792085,0.00121258647312,0.0,139.708587041,0.276338394731,0.0,0.5033042,2.43345999035e-06,1.0,-2.33984009133e-06,0.632455532034,0.0,-16.95996,-0.000382683051352,29.5465017482,-0.108974992599,-524.3170046,122.259601,1.67248968039,-1.77609446904e-06,0.701656094807,1.22031791876,0.0,1.0
68,1996.0,4358967867.5,-7833.96672662,685179557.397,1.03776926003,824.343118389,-0.0026345181998,0.0,270.397809867,0.781954208607,-1.01342564602e-05,0.4170945,-3.20297232553e-06,1.25,-3.01162473732e-06,0.829156197589,-0.493382200218,-11.6388425,-2.2660125681e-05,2.82305214447,0.403360127717,-195.96127685,-819.46575925,1.49271665336,-1.37024363126e-06,0.0925643921574,0.0400371356159,1.0,1.0
69,2145.0,7838974000.0,10270.9243715,3576090622.76,0.189182414373,1062.38383791,0.00191171412627,0.0,410.835084458,-0.0134197142952,3.43194593967e-06,0.560471625,-7.98243252507e-07,2.875,9.29229806273e-08,1.16592238164,0.24399802517,30.24334,-6.91524837924e-05,27.4176457266,0.680579641722,-422.098453213,-459.120998375,1.38255666811,3.6929221603e-06,0.574092119218,0.665138589103,0.0,0.0
70,2156.0,12619487463.8,55738.9085072,9587123471.56,1.32632316552,2887.44697604,0.0122849735244,0.0,2008.69506417,0.856539224813,-2.04250444722e-06,0.6843473,-2.40660238521e-06,5.75,2.58418750335e-05,4.08503365959,0.82928091461,7.572257125,-1.67995539995e-05,25.2289503492,0.846591809714,-402.121690438,572.324630625,2.11951474072,6.85238618718e-06,1.14432843809,1.1421126214,0.0,1.0
71,2205.0,9865968650.0,2143.65516396,7024147803.73,0.963660194334,776.646510935,-0.000935279745982,0.0,401.8911478,1.1084724259,0.0,0.33997625,1.752940958e-06,3.25,-1.14048151399e-05,1.78535710714,0.411847083538,-12.033537,-4.07921217532e-05,10.7663439363,-0.135258671034,78.86475175,180.4507525,1.51629293471,2.90138558433e-06,0.313038220527,0.0610345110498,0.0,1.0
72,2243.0,5123136336.0,-12952.7389147,1646626156.52,-0.249651045065,993.968726366,-0.00273135967982,0.2,462.931881077,0.135469441032,1.12189730751e-06,0.02892396,3.34463222571e-06,2.4,-2.35029692799e-06,1.49666295471,0.730195893082,-19.0102,-0.000615602415735,69.100888614,0.508404609314,-140.51272356,-726.9531982,0.891369135309,2.14740526408e-07,0.252213622071,0.0117473180426,0.0,0.0
73,2286.0,15319180300.0,-29061.8576139,5709426442.08,0.266986888669,1333.80238965,-0.00216980524376,0.333333333333,719.838301071,1.25071435422,-1.53379529016e-06,0.1739575,-6.3497093487e-07,1.83333333333,-1.26556069491e-05,1.77169096879,0.612717308965,-41.1916283333,-5.62082774677e-05,21.7779392044,0.627478933065,10.5174821667,-424.355168667,0.925062276769,-9.55405432713e-07,0.226514884352,0.292517779581,0.0,1.0
74,2289.0,4671888387.78,14552.8767224,3365398698.66,2.16707141104,478.110655565,0.00100340979813,0.222222222222,250.56685773,1.51756991247,2.57429003507e-07,0.3407862,-5.13951872266e-07,2.66666666667,5.66171212395e-06,1.76383420738,1.48486042968,-7.75086666667,0.000142001126933,38.0377233196,0.537735331925,-457.449017144,-437.924106222,1.24610586611,9.6848067929e-07,0.30399295542,1.50881932432,0.0,0.0
75,2304.0,4305155005.0,5387.1317263,1435946891.48,-1.58839059547e-06,398.064595595,0.000702868271464,0.0,109.984362914,-0.025834345561,-8.42290812417e-06,0.7433895,-5.99113914301e-06,1.5,3.48822045166e-06,0.5,0.0,4.520875,0.000247307413957,57.9193993924,-0.0259087423374,-471.73550425,-282.615753,0.901399200513,-6.79681008969e-07,0.07724608962,0.399875010001,0.0,1.0
76,2325.0,4054020801.25,8389.34272918,1608441730.01,-0.246586100619,681.735034776,0.00160475860172,0.125,325.763436041,-0.268371342929,-1.93458863143e-06,0.392928955,-6.43359807571e-07,1.5,-1.42831619828e-07,0.5,0.0,-14.40203675,-2.83775753973e-05,11.2246129388,-0.162580883589,-465.15700895,-487.112625,1.36900615586,1.26778920617e-06,0.233960613664,0.0729983914473,0.0,0.0
77,2328.0,13790855680.0,50411.8608174,5234182901.97,-0.843770651775,1047.71416899,0.00258751293055,-0.2,397.110475261,-0.648074765593,1.6053723349e-08,0.3744284,-4.23265299301e-06,2.6,1.09976635975e-06,2.65329983228,0.562764072124,63.59116,-0.000161207574253,11.5194881038,-0.394331130926,-280.7724778,-354.4349976,0.546664536715,2.17094273211e-06,0.174259910056,1.33256555908,0.0,0.0
78,2333.0,12597709542.9,17805.9404199,1883179320.31,0.274990662791,1363.90675842,0.00205910683963,-0.571428571429,338.024105156,-0.107350881034,-2.29528309271e-06,0.0027866,1.49425857228e-06,3.85714285714,2.25623500503e-05,2.3560603575,0.498892213999,-76.0456428571,3.89139561223e-05,8.60358448868,0.678286497349,-516.512998429,176.629285571,0.506364547753,1.17021649358e-06,0.122008040217,0.449307004088,0.0,0.0
79,2343.0,6936082051.67,16933.0904247,3410493925.46,0.39005133713,954.823697578,0.00268461949829,-0.166666666667,587.129473083,0.495908914059,-3.20458223764e-06,0.393783323333,-8.73144399468e-07,3.5,4.02830768247e-06,1.60727512683,-0.361260590422,-22.0690391667,7.85019273635e-05,30.2718530464,-0.825816111186,-343.084747188,-586.698170833,1.55234545163,1.46031750863e-06,0.556420948953,0.18787178283,0.0,0.0
80,2361.0,7290068280.0,42354.3311628,3198141278.56,-0.769814876532,403.955628678,0.00290442559386,-0.2,222.552138517,0.00847300516184,-2.4668693713e-06,0.08662106,1.15541156563e-06,0.4,2.96188390304e-07,0.489897948557,0.408248290464,-65.8194,-3.82007975686e-05,12.8503285698,1.39773001674,-62.48810114,152.7533982,0.692838434699,-2.05481281403e-06,0.230902873257,1.25277442751,0.0,0.0
81,2377.0,13405785803.3,70664.1232322,7200862251.32,-0.643072502455,2692.68999069,0.0173010159497,-0.5,1699.54453884,0.106974623304,-3.61032063004e-07,0.529454,1.93179551854e-06,4.0,2.43517096754e-05,2.58198889747,0.871421252897,1.66166666667,-0.000255101483058,39.7023186863,1.74888533141,-763.667002167,-100.22278195,1.85106936037,7.85294977061e-06,0.739580925611,-0.369505420238,0.0,1.0
82,2385.0,8915262535.0,27307.3478276,7811301339.99,1.73174652561,1429.18323563,0.0023774399433,0.0,1161.39589734,1.1086374429,-1.60614519033e-06,0.8400379875,1.60680692818e-06,4.5,9.83143638376e-06,3.64005494464,1.11961818162,9.08339,-7.10236698943e-05,40.540687671,-0.47446344529,-560.446498875,-559.18711475,1.27727892209,-4.9424961937e-07,0.287105319764,0.320709641373,0.0,1.0
83,2409.0,8395052615.71,6302.34785061,4148196175.01,0.00744447455775,1582.84951905,0.00128363193683,0.0,1142.92860009,0.631347969242,-3.9775870642e-07,0.466786071429,-9.07762974879e-07,3.28571428571,2.47787731221e-06,2.18529407725,0.125715471242,-13.8419942857,0.000165179008848,30.1575573119,-1.46351030189,-200.180425429,-165.902287,1.89784046077,2.28062585743e-06,0.644598313448,0.106234219289,0.0,0.0
84,2414.0,10660388358.6,6429.06744275,3841819242.95,-0.710633337774,1084.55988461,0.00124585519348,-0.142857142857,565.375914019,0.0320929740566,-8.10131405873e-07,0.535173714286,9.25004274088e-07,2.42857142857,-5.1920739705e-06,1.29362644831,0.75147306768,-17.0085857143,0.000404281377571,74.4759356446,0.291919644692,-419.549290286,-470.837145286,0.448734754256,-2.94633318001e-07,0.151411843758,0.306238394805,0.0,1.0
85,2416.0,13130726540.0,92219.8711288,13092276111.2,1.33487031501,2449.91894347,0.0185702033842,-0.6,3077.20737332,1.39892635234,-1.08526405223e-06,0.38506662,-3.78293058451e-06,4.8,2.983295311e-05,4.66476151588,1.40351415635,-6.032276,-1.19741796748e-05,7.7933209215,-0.307666015279,-245.441796954,-118.22726132,2.41838102161,9.96754241315e-06,1.00753582747,0.477910866476,0.0,0.0
86,2434.0,2798350184.0,2949.94345257,197807828.389,0.859104761058,401.861941085,0.000338441013177,0.6,48.4151076601,-0.76250738369,7.03565976259e-06,0.7716164,3.4403574673e-07,1.2,4.4754270801e-06,0.4,1.5,-74.00888,6.21243382946e-05,4.43402497575,-0.461896168841,-717.5008056,50.24943922,0.844020666119,1.18799172463e-06,0.0797530124699,0.480035273377,0.0,1.0
87,2447.0,11758444132.5,10677.9596346,6285866081.52,-0.0299357297731,1087.10674948,0.00112423664241,0.0,622.264257046,0.0410116083889,-4.92172784648e-07,0.539065,-1.03279422337e-06,2.0,4.32264770506e-06,1.5,0.0,-62.5350625,2.8147136608e-05,13.6310429787,0.181967715639,-532.402086493,96.34792565,0.651449556962,2.69869470784e-07,0.191534609344,0.800407829196,0.0,0.0
88,2461.0,13776501875.0,26987.0547409,5857612799.95,0.212094838241,2045.34338805,0.0154569509625,0.0,1335.74551509,0.516589193113,0.0,0.508198525,3.89536578371e-06,2.25,6.44915915107e-06,1.08972473589,0.652023664685,66.1121,6.44412677954e-05,7.43497164823,-0.95717796545,298.661502875,-466.7917635,0.702410821846,-1.61298453933e-06,0.124441915611,0.625103084949,0.0,0.0
89,2462.0,8227621383.33,20834.6407457,1657918555.65,-0.473585731542,733.739795193,0.00437696426638,0.0,304.982261101,0.0837899846176,0.0,0.433711,-1.90395138982e-06,1.33333333333,1.3519003574e-06,0.471404520791,0.707106781187,35.7862,8.06631011574e-05,6.53729925326,0.565451557435,-235.707411673,-506.008158333,1.10495262835,-1.02083071103e-06,0.141930898267,0.821507300702,0.0,0.0
90,2464.0,11345878871.2,27180.6640787,9247489927.32,1.17269589231,1472.40923059,0.00467267857897,0.0,1498.48716519,1.48059344662,0.0,0.4892390125,-7.59230337434e-07,2.25,6.44588589988e-06,3.15238005323,1.75668407855,-11.22332125,0.000296802840742,45.5117069725,1.02086946824,-622.4421195,96.420763025,1.09534716503,1.49566812307e-06,0.19842620127,0.308953397182,0.0,0.0
91,2486.0,3745485024.0,26613.0879087,1907267863.72,0.577781636622,508.0367065,0.00492301031437,0.0,320.562369562,0.682627604568,-9.36942964949e-06,0.2311844,9.12727838156e-07,2.4,1.46849382395e-05,1.49666295471,0.730195893082,-3.787428,-0.000612643347167,40.274434855,-0.888627152695,-166.28385466,-266.337207,1.23389727611,-5.84851067474e-07,0.234213742156,-0.146329948083,0.0,0.0
92,2494.0,20610931163.8,70745.2799044,14182233757.1,0.338230832446,2882.85208285,0.0103737190534,-0.5,2302.85119726,0.377259041069,-1.12057744708e-06,0.2657741,-1.62856979907e-07,5.5,1.82454143614e-05,5.4313902456,0.582770542009,-18.1327125,-0.000318244355891,59.686406809,0.812777694629,-284.461837075,-12.3291679625,1.03487933441,8.31489638334e-07,0.289218274044,-0.876169135121,0.0,0.0
93,2502.0,5847823367.5,-34414.4512383,3285167123.26,0.0142218281464,697.096971586,-0.00423882065639,0.25,407.727526171,0.0290835891933,-1.14729610704e-06,0.99854125,-4.37302461451e-06,2.25,-3.53685017589e-06,0.829156197589,-0.493382200218,54.4577,0.000148542327949,25.7409329915,0.220474068534,-415.97550975,-571.9275055,0.977206242084,-8.72401490546e-07,0.287071946883,-0.0529953382014,0.0,1.0
94,2570.0,5919591312.5,15258.1300703,2288507920.36,0.221366811513,579.373605211,0.00664834439931,0.25,430.915523793,1.10326290052,-6.91101767812e-06,0.3405604,5.81755648714e-06,2.25,2.58603593074e-06,0.829156197589,-0.493382200218,27.257655,0.00023757211293,17.2863136147,0.708635224651,244.7565,-432.88674925,1.37070127315,-3.58812079216e-06,0.451051898287,0.323958870826,0.0,0.0
95,2571.0,4233404472.5,-2700.92473572,1800974390.49,0.0872704918316,353.303008021,-0.000113074187578,0.0,121.610357098,0.397240460359,8.99469934561e-06,0.510388475,-4.84320949285e-06,1.5,-9.90584915286e-06,1.11803398875,0.0,-29.029575,5.09495120484e-05,11.6459427444,1.03240694156,-461.3040085,517.68249525,1.18367152609,5.11375468838e-07,0.0739159801926,-0.176793037928,0.0,0.0
96,2629.0,13192235622.9,3309.66880973,9314777054.92,0.708705625234,2173.72547447,0.00141944606307,-0.142857142857,1670.96133644,0.303713676394,1.10119943033e-06,0.6535493,-2.51740022697e-06,5.0,2.17486855e-06,3.1167748899,0.566196130517,24.4454714286,2.54586812088e-05,49.3244382897,-1.10753137641,-179.029635686,-421.408857,1.01465410246,1.7515039291e-06,0.509257462685,-0.135527754782,0.0,0.0
97,2630.0,26677610020.0,59243.0042664,10911423977.1,-0.109175475874,3926.47041185,0.0130119232366,0.4,2303.52087725,-0.20473251808,2.59714628602e-06,0.46658404,-5.00128102754e-06,6.8,1.92420633737e-05,4.35430821142,0.382568872925,22.5914094,-5.97169310665e-05,14.9063160526,-0.339159228398,213.91790986,-329.8044036,1.28100891935,3.31005232364e-07,0.268188606505,-0.384155948126,0.0,1.0
98,2650.0,5137477982.0,-5664.8235151,3715247439.17,1.41573174177,596.152902695,-0.000355967625737,0.0,412.316912117,0.988143612632,-7.76396585833e-06,0.41146878,-2.64358079277e-06,3.0,-8.13927631977e-06,1.41421356237,0.0,11.28596,3.51485944548e-05,30.7226081158,0.330636225671,-212.80212284,-152.490402,1.29103636543,-1.24473692407e-06,0.398078010934,0.987180059362,0.0,0.0
99,2676.0,5596701450.0,-2919.04833359,613054957.153,-0.346312567233,796.124130646,0.000931735219212,-0.25,212.575868321,-1.14182542894,-6.95220248525e-06,0.39695875,-2.85413748695e-06,1.5,4.91016470414e-06,0.5,0.0,-11.813495,4.65929269655e-05,5.46220459916,0.467072198898,-265.3999975,338.911003,2.00238714179,3.63864254692e-06,0.216985712569,0.0564119739327,0.0,0.0
100,2689.0,4932981760.0,9377.17989222,2162334694.83,0.920953955265,704.451978332,0.00253926062183,0.0,329.050731454,0.76945522995,8.51487321547e-06,0.457494375,-3.97291928641e-06,1.75,9.17723625692e-07,1.47901994577,0.434650759575,22.8636,0.000216970606002,47.2086899231,0.238684258257,-467.88624575,305.9695055,0.905151167056,3.90229073977e-07,0.223610805905,-1.02647091796,0.0,0.0
101,2702.0,6960001420.0,30421.3476059,3560262945.72,1.48216063917,1323.56377896,0.00805515774115,0.2,904.010342038,1.47852745848,8.44260054663e-06,0.26750928,-3.98634918107e-07,2.6,1.02540441751e-05,1.01980390272,-0.271545417884,-76.24306,9.99648650161e-05,8.20732538933,0.21126345689,155.14902022,305.8481992,0.770730069806,8.39268751047e-07,0.144507969141,1.2616259973,0.0,0.0
102,2732.0,2744535167.5,-5513.14214896,384313081.754,-0.568041660227,430.971839703,-0.00227073885002,0.0,154.478865059,0.512012615628,-4.8550079789e-06,0.28657575,6.33001075917e-07,1.0,-3.87336373512e-06,0.707106781187,0.0,9.477625,0.000341429869758,45.7971259831,0.371041174995,13.19752385,-293.13774875,1.05236426821,-1.23517688299e-06,0.0929696130477,-0.668776639037,0.0,0.0
103,2769.0,14422270703.3,42855.1195278,7917853177.8,0.732883254768,2766.98166777,0.00795022075365,0.0,1348.39150513,-0.114937315246,0.0,0.4115835,-5.53946189643e-07,3.33333333333,9.98693405959e-06,1.6996731712,0.286631274433,26.1765333333,0.000189576534437,79.5998875243,-0.705401816493,-587.1955402,-390.221003167,0.477605897526,-2.30940257482e-07,0.119464280796,0.862596002998,0.0,0.0
104,2797.0,6726796650.0,-23443.795329,3038430070.3,-0.0822662382365,1644.87927929,-0.00967456908693,-0.75,1298.36752493,0.159524813261,2.06719430249e-06,0.4103162,-1.90445440822e-06,1.75,-5.96726740458e-06,0.829156197589,0.493382200218,23.6210275,-0.000378356565595,50.2719134698,-0.254506542618,-380.0801029,-578.0047455,1.00042298889,1.45757266186e-06,0.248664289546,0.876231134341,0.0,0.0
105,2810.0,15121856125.0,-74707.6213859,5606668264.95,-0.941304774392,2571.14932789,-0.01581612879,0.5,1024.12351257,-0.226656108507,-7.34530101938e-06,1.1419255,-3.46413300293e-07,4.25,-4.09086195027e-05,2.5860201082,-0.796879984428,25.699865,-0.000139372921474,9.3921894188,-1.14037303736,630.4454955,-529.80574825,1.48820489408,2.18541498355e-06,0.178325109113,0.788685631276,0.0,1.0
106,2811.0,18536078458.3,92329.1977577,8681435073.77,-0.559766330838,4044.33253825,0.0227882503452,0.5,2150.47051411,-0.403290254184,7.34487775803e-06,0.519933166667,7.83623751057e-07,5.66666666667,3.18152151433e-05,3.44802681093,0.258398725109,21.1194666667,0.000313941070518,50.3906689341,-1.67473004281,-464.4108375,-656.970001167,0.998240185219,8.32768529333e-07,0.0922429891961,0.0181931640566,0.0,0.0
107,3103.0,11336900266.7,-9280.19414231,2327999651.11,0.670543090269,3049.8484722,-0.00072130629643,0.166666666667,1192.45773295,1.23910576707,-6.34353756449e-06,0.232801833333,-9.64352465815e-07,3.83333333333,-6.75327097541e-06,1.67497927019,0.689629735789,23.51511,-0.000318444206715,32.9690630265,0.923710122711,-550.404668167,-228.105334,1.62728308264,7.44448450701e-06,0.674123921712,-0.0272374086881,0.0,1.0
108,3117.0,5094432750.0,20066.6443224,1054542144.66,0.756010333259,553.14920565,0.00381411451273,0.0,230.332228263,-0.00942168637494,0.0,0.7330705,-7.0480911768e-07,0.75,-2.65516072323e-06,0.433012701892,-1.15470053838,5.293775,0.00143479908687,76.1075194213,-0.00119508754204,-844.168991,-181.235001,0.468706731399,-1.78569864494e-06,0.0888483894602,0.578883751406,0.0,1.0
109,3263.0,4861243447.5,-2888.62912252,1781131189.14,0.206922127516,691.3802212,-0.000599513910735,-0.5,242.185657504,0.368932765316,3.45647562759e-06,0.337017375,-3.97996297353e-07,1.5,-3.45647562759e-06,0.5,0.0,36.92206,-0.000213927669628,33.3369102048,-0.150623487302,-216.511745325,-441.61274725,1.08236488917,2.671695721e-06,0.36547071767,-0.0434812175834,0.0,1.0
110,3299.0,7937619918.75,3215.19093083,3590844499.4,0.506058071552,1621.70920376,0.000569075722316,-0.25,895.352692392,-0.166644620962,1.3977081702e-06,0.6118342225,-4.42430837675e-07,2.75,1.33944035851e-06,0.968245836552,0.516397779494,2.1103225,2.44334100679e-05,17.0001620437,0.916333637215,-473.123501,-620.0183715,1.77273171174,3.62349105111e-07,0.477795971697,1.00112063887,0.0,1.0
111,3361.0,6780618235.0,39764.1556224,4377054616.87,0.796506076227,682.856408978,0.00422964175684,0.0,445.852803746,0.839275636179,0.0,0.527123,-1.6955142972e-06,2.0,7.96317069747e-06,1.58113883008,0.0,-15.82038825,-0.00039940112142,38.8344873233,-1.11509919973,-381.3202515,344.3437425,1.71954339501,-5.80483719083e-06,0.606823530957,0.0144560742322,0.0,0.0
112,3375.0,8084124755.0,-19939.3530844,5693324693.33,0.124572352671,1178.34681928,-0.00263058512947,-0.333333333333,912.825512909,0.143683376671,-2.56022357461e-06,0.238823333333,-8.33836085527e-07,1.33333333333,3.00672354041e-06,1.24721912892,1.41266656439,65.1726,-0.000117540834356,14.8957306571,-0.639998447955,-626.8061575,500.199167833,0.707069803402,2.09757305024e-06,0.259114479355,0.325263909194,0.0,1.0
113,3532.0,8430934900.0,-25495.3397867,4249948724.91,0.0127767602728,971.714689659,-0.00165271134043,0.5,349.157099262,-0.18019830751,1.17777025691e-06,0.329998775,1.72294831616e-06,1.75,6.37199660794e-07,0.829156197589,0.493382200218,-16.245275,-0.000183613362544,72.8319065088,0.194654469696,-602.50375725,-322.4727555,0.575097235933,1.02471484954e-06,0.288766977188,0.547172850767,0.0,0.0
114,3600.0,28683099750.0,93312.4229898,12392882365.6,-0.828467241722,4042.17265391,0.0166566571208,0.25,2285.93719574,-0.330763347657,7.78086513525e-07,0.58221875,-1.86596794728e-06,7.5,3.06700433576e-05,5.5452682532,0.0483822730797,-72.86835,3.59803980106e-05,5.35288364739,-0.321304444086,-326.469132755,291.27849575,0.466478012968,2.49677930415e-07,0.0480272803998,0.0725941072509,0.0,1.0
115,4483.0,18655675990.0,121549.984777,10897768627.5,-0.315183170069,3191.9356699,0.0198974061176,-0.5,1751.2216049,-0.672539519155,-7.82168389297e-07,0.948297,6.44305302668e-06,4.25,3.19342855345e-05,2.7726341266,-0.0483822730797,-57.974225,0.000108576696055,22.6924419118,0.0809353412028,-512.58049775,376.37200175,0.978666711323,1.85030468468e-06,0.236157995108,0.975808975899,0.0,1.0
116,4644.0,7031754646.0,15747.2104082,2367621075.54,-0.209220447012,1206.13483826,0.00426868834306,-0.2,613.239583672,-0.295527678623,1.14362770066e-06,0.5176272,1.23446609935e-07,3.0,2.6879303356e-06,1.41421356237,0.0,15.68191,-0.000122262219733,22.7279109762,1.43589344734,-412.22512222,-502.6044066,1.94250432849,4.41053437467e-06,0.679339240994,0.0222919484768,0.0,1.0
117,4650.0,18598265780.0,66415.1625468,9074181759.56,0.0622758033926,1838.51525873,0.00737668339233,0.0,1023.16118007,-0.165771101085,0.0,0.42027164,-4.67233923239e-07,2.8,1.01395954854e-05,1.72046505341,-0.395870337344,-58.72926,0.000101376510404,17.4783413002,1.3203463167,-328.38844598,225.6528016,0.690072554243,1.031817009e-06,0.18987147521,1.29253882871,0.0,0.0
118,4698.0,15527258920.0,-30799.9541032,4190150528.54,-0.231875346903,2643.77829228,-0.00570261794281,0.0,745.38987429,0.42659356156,2.31097843409e-06,0.2879068,3.30763978529e-07,5.8,2.62502291783e-06,1.72046505341,1.01795229603,81.64434,-3.39953454418e-05,4.13381992138,0.274492928801,-554.8263946,-200.6506012,0.32382494804,7.15826552848e-07,0.0877111476094,0.246633323375,0.0,0.0
119,4725.0,6260410367.5,14000.0935171,2466543737.76,0.195351159721,771.763994649,0.00283658208118,-0.25,468.243561824,0.403772333259,-1.05733581257e-06,-0.149714225,-3.85208721028e-06,2.25,3.63840450983e-06,0.829156197589,-0.493382200218,7.7134725,4.59360952087e-05,6.61798385457,0.725978923453,-116.150171525,-429.1652525,1.61990975896,5.85401800646e-07,0.181491649299,-0.0127265462727,0.0,0.0
120,4912.0,10533271030.0,904.912268676,4955683194.69,-0.233835699266,1372.92504686,0.000247620684474,0.0,743.319052509,0.0835337091352,1.14081630875e-06,0.19489852,-3.89161801972e-07,1.8,-1.45279867676e-06,1.16619037897,-0.363173474419,-67.94414,9.96928773535e-07,7.8582769123,0.548743457419,-543.1709978,229.4527954,0.602525101662,7.77047330055e-07,0.132508320902,0.214014670032,0.0,1.0
121,4997.0,5711509596.0,8516.61713538,2111337332.69,0.522612619641,549.527229824,0.00129629756689,0.2,243.034608653,0.230955965258,2.20538493355e-06,0.3943722,1.02546899518e-06,1.4,6.42166758892e-06,1.01980390272,0.271545417884,35.5322,0.00023806977237,64.145597801,-1.21118888804,-428.439200628,-306.600598,0.77471384705,1.51324067518e-06,0.260279235415,1.45703998765,0.0,0.0
122,5031.0,11595206960.0,1131.0627558,2751638572.17,-0.0512003814342,2395.4573738,-0.00160341910807,0.0,719.707455701,1.45059842263,-1.52169449095e-06,1.003002,4.47904095183e-08,3.6,9.03959661108e-06,1.74355957742,-0.0543353053904,52.48544,-0.000146478552444,24.3793558109,-0.0824036116217,-516.51383404,-372.2675962,0.922564467915,2.4066325023e-06,0.321552531395,0.832870269966,0.0,1.0
123,5145.0,9561028475.0,-7924.59946243,4047611981.26,1.08870442942,1285.30090506,-0.00330831414946,-0.75,591.312443939,0.388271601843,-1.20114366515e-06,0.258393125,1.28523597386e-06,3.25,-5.88979614033e-06,1.08972473589,0.652023664685,35.520975,-0.000431882337998,50.0110210495,-0.187934161535,-700.84751125,102.626724225,1.02023776567,6.11002155264e-06,0.617375568065,0.349891513291,0.0,1.0
124,5288.0,10135051327.5,66665.7760917,7068151467.08,0.463080276811,1626.51151687,0.00701679764128,0.5,960.762533428,-0.172607670289,4.69167944771e-06,0.439383125,-1.43721029891e-07,4.5,1.1603732953e-05,1.65831239518,0.493382200218,-62.537025,-0.000128791241699,25.868574862,0.785370892561,-394.58678195,-243.237999,0.810934157303,-3.65352502181e-07,0.142536531175,0.784339851259,0.0,0.0
125,5308.0,11175463175.0,18207.8777028,2041074428.9,0.740494905945,1302.33888373,0.00228166031645,0.5,253.511837737,0.58288582343,4.66687146267e-06,0.461389,1.62128846478e-06,2.25,8.53029764827e-06,1.63935963108,0.957549162554,-23.73065,9.92157778803e-05,13.2292956529,-0.673107239715,-500.43324275,-384.7014925,1.2513554538,2.65826771131e-06,0.256941443636,-0.0920951388045,0.0,0.0
126,5447.0,10332360600.0,15299.8159769,2551404751.22,-0.993676785617,2673.15233272,0.00968335781149,-0.6,1381.86681982,-0.128462982055,-1.2807835243e-07,0.50169456,-9.09502846658e-08,3.8,3.77308451695e-06,1.93907194297,0.283092214399,-37.88718,0.000122812990291,21.186684765,-0.18058125289,-514.204007,42.14042,1.37039504751,1.7368424611e-06,0.320171121819,-0.100275807745,0.0,0.0
127,5450.0,13389041140.0,27600.1206549,6203776747.29,-0.0581142018409,1921.7023261,0.00695254702087,0.0,1124.72770743,0.409793051722,8.79343321198e-07,0.48294332,2.26698731495e-06,3.8,6.55619009152e-06,1.46969384567,0.347767062247,-55.46912,0.000104831925803,19.871980014,-0.333487073639,-360.883181074,460.9666014,0.856730336553,1.57878065878e-06,0.308937067365,-0.0136394754582,0.0,1.0
128,5504.0,10805937040.0,41726.835208,5615727830.3,0.896535807242,1984.78720118,0.00873127438759,0.6,1112.91252272,0.739923054075,3.53651597626e-06,0.9456168,-1.85485209977e-06,4.8,1.59789205379e-05,1.93907194297,0.283092214399,-0.4738108,-6.14781109676e-05,15.3414044513,0.358895097962,-133.21267752,381.8380004,1.47170119026,7.36578902278e-07,0.277007672894,-0.174552594465,0.0,0.0
129,5508.0,6744751042.0,30672.9070965,4096822129.45,0.341559355205,613.786002708,0.00369468028428,-0.2,497.390248867,0.376521523362,-1.15432660624e-06,0.3705512,3.93388021935e-07,1.4,1.30712929167e-05,1.74355957742,0.507129516977,30.32404,-0.000103789966702,13.2459972503,0.121269955241,-433.09552106,-412.1849974,1.49423101945,3.2376542338e-06,0.446983574928,0.140294650654,0.0,0.0
130,5515.0,12111842052.0,19949.2469824,6182623744.82,-0.00943569066892,1315.99650792,0.00222423706161,0.4,934.789631075,0.800447847743,2.520873661e-07,0.50365438,1.29849662796e-06,2.8,2.1499909084e-06,0.4,-1.5,68.6799,-7.28844539532e-05,12.9243730793,0.393186090182,-384.79465858,-542.5654054,0.605481826171,1.02872729738e-06,0.226931185683,-0.269023510781,0.0,0.0
131,5521.0,7139378487.5,29484.8294283,6734520339.8,1.11017570118,1149.8878832,0.00516907022398,0.0,1373.91842099,1.14946157853,3.38609559995e-06,0.2586485,1.28057321702e-06,2.75,1.03896699992e-05,3.03108891325,1.15470053838,30.54963,-0.000139538291271,43.1247389491,0.00126257719831,-786.5170135,-1.977499,0.936405478478,1.74051385008e-06,0.401819243513,0.248334044435,0.0,0.0
132,5921.0,6565362827.5,20012.6938645,2922320793.16,-0.0314739236877,785.968950198,0.00122192962808,-0.25,187.300255641,-0.839975479421,3.42263239906e-07,0.53333475,1.91681537557e-08,2.75,5.59347549118e-06,1.47901994577,0.434650759575,-11.75365,-0.000279769105206,68.7023237884,0.404531458651,-411.895293375,-202.300003,1.19441784369,4.28600872843e-06,0.734147818549,1.07703752144,0.0,0.0
133,5931.0,11408660780.0,23661.6938819,4704260581.61,-0.311113011112,1340.01210465,0.00406527921947,-0.2,605.464402794,0.180585779863,9.67122395012e-07,0.24159568,-6.07288357988e-07,2.8,1.0163802976e-05,1.46969384567,0.347767062247,-38.76762,-0.00025320157635,63.8658245219,1.38369966112,-619.135791,302.9468016,0.528037029457,1.36118084792e-06,0.190706216998,-0.0775945351351,0.0,1.0
134,6073.0,13363930625.0,16182.8204282,1997110463.53,-1.01408823092,4603.93424583,0.00912312816761,-0.25,1318.01601719,-1.05768157295,-3.55150670835e-06,0.83692575,2.13349627306e-06,5.0,1.66017518221e-05,2.5495097568,0.543090835767,21.193025,-2.35964875069e-05,5.63867478818,-0.0190862899507,-583.5859835,506.51974475,1.76029435877,-1.10371958501e-07,0.172138571972,0.615634207819,0.0,0.0
135,6286.0,6182682751.67,-334.480921257,2363637720.82,0.445438532854,1003.46885658,-0.00106361273647,0.333333333333,460.369551124,0.76052763732,-8.42318709353e-07,0.29274,-3.63448365503e-07,2.16666666667,-1.5048276821e-06,1.06718737291,0.487566866384,-7.4209,0.000190028972351,42.419267838,1.70264502498,-431.617785083,557.386006667,1.22264702044,-1.23586816544e-06,0.240170016008,-1.48177021529,0.0,1.0
136,6320.0,10870509157.5,-6024.69063526,10842768849.8,1.72351275363,1447.23782232,-0.00130552132853,0.125,1288.51377005,1.28664123184,2.28454824275e-06,0.5383915375,-1.70745171667e-07,2.875,-1.5079850093e-06,2.75850956134,2.0595221342,-4.37329,6.03485652093e-05,20.3110058313,-0.110980336852,-422.180502125,552.6292495,1.65406167666,1.05418944983e-06,0.465424851348,0.62170685501,0.0,1.0
137,6337.0,11588043120.0,38791.4680905,5560820676.4,-0.753187823446,1129.45190608,0.00417845810014,0.0,801.591155149,0.670088860821,0.0,0.14874025,3.13427721549e-07,2.25,3.64604426156e-06,2.7726341266,1.07760517314,4.126565,-4.244747545e-06,15.4082180099,0.0459956579861,-555.03824625,-341.2792435,1.63478477261,2.10758367318e-06,0.432743533311,0.882039269355,0.0,0.0
138,6370.0,7534016308.0,55614.3187495,7557822453.22,1.44122491797,712.868841665,0.00426744710765,0.0,531.67910694,1.21530151817,-1.54686835291e-06,0.7906036,-1.94325955163e-06,1.0,1.02777638548e-05,1.26491106407,0.592927061282,46.55978,-0.000105462605166,10.8435120324,0.323204846673,-379.92766262,-344.4160034,1.04442182953,1.60833677615e-06,0.168506916766,0.119077595392,0.0,0.0
139,6374.0,5194887040.0,-333.382829649,538095956.082,0.108233525792,805.470212859,-0.000988621494974,-0.2,239.185939002,1.15327637244,1.22584642711e-06,0.08099968,-1.29377518656e-06,1.4,1.91784372981e-07,0.8,-0.84375,13.04378,0.000571139468332,78.8883295715,-0.403902232881,-456.1459992,-480.7003906,0.528316603787,-1.93124554678e-08,0.0964696995211,-0.176083431008,0.0,1.0
140,6375.0,7199161736.67,-4783.18780686,3575557504.19,0.520093069763,1105.63669834,-0.000504815659741,0.5,484.464828783,-0.282519432943,1.7463695234e-06,0.296027183333,3.47406626745e-07,2.0,6.78506682993e-06,1.0,1.0,26.2714016667,1.50228268653e-05,11.1844954244,0.0454366219919,-463.950335167,-523.239166333,1.17101145457,6.86884157285e-07,0.1315327185,1.20072252221,0.0,0.0
